{
  "prompt_v1_scores": {
    "faithfulness": 0.9450555555555554,
    "answer_relevancy": 0.8999434694423359,
    "context_recall": 1.0,
    "context_precision": 0.9416666665930833
  },
  "prompt_v2_scores": {
    "faithfulness": 0.8673023643023642,
    "answer_relevancy": 0.8902546758542073,
    "context_recall": 1.0,
    "context_precision": 0.9416666665930835
  },
  "target_met": true
}